"Timestamp","Value"
"31.07.2016 15:27:21","1284018"
"31.07.2016 15:26:21","1313983"
"31.07.2016 15:25:21","659611"
"31.07.2016 15:24:21","521721"
"31.07.2016 15:23:21","1276649"
"31.07.2016 15:22:21","1531468"
"31.07.2016 15:21:21","1176775"
"31.07.2016 15:20:21","1604440"
"31.07.2016 15:19:21","1965006"
"31.07.2016 15:18:21","1847721"
"31.07.2016 15:17:21","1619065"
"31.07.2016 15:16:21","734891"
"31.07.2016 15:15:21","1238095"
"31.07.2016 15:14:21","1019250"
"31.07.2016 15:13:21","1034697"
"31.07.2016 15:12:21","578520"
"31.07.2016 15:11:21","341114"
"31.07.2016 15:10:21","386685"
"31.07.2016 15:09:21","549603"
"31.07.2016 15:08:21","327258"
"31.07.2016 15:07:21","516366"
"31.07.2016 15:06:21","925356"
"31.07.2016 15:05:21","600407"
"31.07.2016 15:04:21","809274"
"31.07.2016 15:03:21","1161274"
"31.07.2016 15:02:21","1236373"
"31.07.2016 15:01:21","584129"
"31.07.2016 15:00:21","849904"
"31.07.2016 14:59:21","737346"
"31.07.2016 14:58:21","795968"
"31.07.2016 14:57:21","215722"
"31.07.2016 14:56:21","91629"
"31.07.2016 14:55:21","153910"
"31.07.2016 14:54:21","225429"
"31.07.2016 14:53:21","637195"
"31.07.2016 14:52:21","851646"
"31.07.2016 14:51:21","296828"
"31.07.2016 14:50:21","534447"
"31.07.2016 14:49:21","502686"
"31.07.2016 14:48:21","866694"
"31.07.2016 14:47:21","572122"
"31.07.2016 14:46:21","580045"
"31.07.2016 14:45:21","229779"
"31.07.2016 14:44:21","211076"
"31.07.2016 14:43:21","165660"
"31.07.2016 14:42:21","193660"
"31.07.2016 14:41:21","283233"
"31.07.2016 14:40:21","499092"
"31.07.2016 14:39:21","1832575"
"31.07.2016 14:38:21","1903465"
"31.07.2016 14:37:21","1666440"
"31.07.2016 14:36:21","1652053"
"31.07.2016 14:35:21","1916871"
"31.07.2016 14:34:21","1343329"
"31.07.2016 14:33:21","266346"
"31.07.2016 14:32:21","282951"
"31.07.2016 14:31:21","1253103"
"31.07.2016 14:30:21","1237943"
"31.07.2016 14:29:21","1234126"
"31.07.2016 14:28:21","1357306"
"31.07.2016 14:27:21","1157583"
"31.07.2016 14:26:21","1082766"
"31.07.2016 14:25:21","149050"
"31.07.2016 14:24:21","141247"
"31.07.2016 14:23:21","166393"
"31.07.2016 14:22:21","121830"
"31.07.2016 14:21:21","211029"
"31.07.2016 14:20:21","251843"
"31.07.2016 14:19:21","129087"
"31.07.2016 14:18:21","77638"
"31.07.2016 14:17:21","108548"
"31.07.2016 14:16:21","308696"
"31.07.2016 14:15:21","1188327"
"31.07.2016 14:14:21","315894"
"31.07.2016 14:13:21","111168"
"31.07.2016 14:12:21","114570"
"31.07.2016 14:11:21","337961"
"31.07.2016 14:10:21","70267"
"31.07.2016 14:09:21","96604"
"31.07.2016 14:08:21","212662"
"31.07.2016 14:07:21","184622"
"31.07.2016 14:06:21","169496"
"31.07.2016 14:05:21","210800"
"31.07.2016 14:04:21","79142"
"31.07.2016 14:03:21","117458"
"31.07.2016 14:02:21","57087"
"31.07.2016 14:01:21","124709"
"31.07.2016 14:00:21","96568"
"31.07.2016 13:59:21","162968"
"31.07.2016 13:58:21","1133727"
"31.07.2016 13:57:21","1156863"
"31.07.2016 13:56:21","1141635"
"31.07.2016 13:55:21","1167871"
"31.07.2016 13:54:21","1364700"
"31.07.2016 13:53:21","1105979"
"31.07.2016 13:52:21","262400"
"31.07.2016 13:51:21","83489"
"31.07.2016 13:50:21","269765"
"31.07.2016 13:49:21","112241"
"31.07.2016 13:48:21","88426"
"31.07.2016 13:47:21","71383"
"31.07.2016 13:46:21","374657"
"31.07.2016 13:45:21","65166"
"31.07.2016 13:44:21","107111"
"31.07.2016 13:43:21","174228"
"31.07.2016 13:42:21","97057"
"31.07.2016 13:41:21","77964"
"31.07.2016 13:40:21","78629"
"31.07.2016 13:39:21","76046"
"31.07.2016 13:38:21","101302"
"31.07.2016 13:37:21","358490"
"31.07.2016 13:36:21","180255"
"31.07.2016 13:35:21","124262"
"31.07.2016 13:34:21","62991"
"31.07.2016 13:33:21","332987"
"31.07.2016 13:32:21","135782"
"31.07.2016 13:31:21","245767"
"31.07.2016 13:30:21","113049"
"31.07.2016 13:29:21","118552"
"31.07.2016 13:28:21","155851"
"31.07.2016 13:27:21","217577"
"31.07.2016 13:26:21","142941"
"31.07.2016 13:25:21","150543"
"31.07.2016 13:24:21","345778"
"31.07.2016 13:23:21","148844"
"31.07.2016 13:22:21","738350"
"31.07.2016 13:21:21","1232338"
"31.07.2016 13:20:21","1172251"
"31.07.2016 13:19:21","1374887"
"31.07.2016 13:18:21","1294372"
"31.07.2016 13:17:21","1332247"
"31.07.2016 13:16:21","721422"
"31.07.2016 13:15:21","124248"
"31.07.2016 13:14:21","139375"
"31.07.2016 13:13:21","191088"
"31.07.2016 13:12:21","187449"
"31.07.2016 13:11:21","295408"
"31.07.2016 13:10:21","268126"
"31.07.2016 13:09:21","192498"
"31.07.2016 13:08:21","186892"
"31.07.2016 13:07:21","350203"
"31.07.2016 13:06:21","294773"
"31.07.2016 13:05:21","168463"
"31.07.2016 13:04:21","99166"
"31.07.2016 13:03:21","127747"
"31.07.2016 13:02:21","137310"
"31.07.2016 13:01:21","101933"
"31.07.2016 13:00:21","131325"
"31.07.2016 12:59:21","123071"
"31.07.2016 12:58:21","144406"
"31.07.2016 12:57:21","112497"
"31.07.2016 12:56:21","213744"
"31.07.2016 12:55:21","144732"
"31.07.2016 12:54:21","108491"
"31.07.2016 12:53:21","165869"
"31.07.2016 12:52:21","1078497"
"31.07.2016 12:51:21","1546074"
"31.07.2016 12:50:21","1141752"
"31.07.2016 12:49:21","1230435"
"31.07.2016 12:48:21","1278593"
"31.07.2016 12:47:21","1721696"
"31.07.2016 12:46:21","1995300"
"31.07.2016 12:45:21","541537"
"31.07.2016 12:44:21","252367"
"31.07.2016 12:43:21","325812"
"31.07.2016 12:42:21","165970"
"31.07.2016 12:41:21","433768"
"31.07.2016 12:40:21","322826"
"31.07.2016 12:39:21","294181"
"31.07.2016 12:38:21","535281"
"31.07.2016 12:37:21","568240"
"31.07.2016 12:36:21","542689"
"31.07.2016 12:35:21","645926"
"31.07.2016 12:34:21","781281"
"31.07.2016 12:33:21","555152"
"31.07.2016 12:32:21","806915"
"31.07.2016 12:31:21","706919"
"31.07.2016 12:30:21","671462"
"31.07.2016 12:29:21","562889"
"31.07.2016 12:28:21","941275"
"31.07.2016 12:27:21","1317712"
"31.07.2016 12:26:21","1545788"
"31.07.2016 12:25:21","214687"
"31.07.2016 12:24:21","318575"
"31.07.2016 12:23:21","890851"
"31.07.2016 12:22:21","705650"
"31.07.2016 12:21:21","924746"
"31.07.2016 12:20:21","455063"
"31.07.2016 12:19:21","613355"
"31.07.2016 12:18:21","672874"
"31.07.2016 12:17:21","840879"
"31.07.2016 12:16:21","1263965"
"31.07.2016 12:15:21","1319301"
"31.07.2016 12:14:21","1223489"
"31.07.2016 12:13:21","1276462"
"31.07.2016 12:12:21","1267830"
"31.07.2016 12:11:21","1061560"
"31.07.2016 12:10:21","983295"
"31.07.2016 12:09:21","272872"
"31.07.2016 12:08:21","89873"
"31.07.2016 12:07:21","138910"
"31.07.2016 12:06:21","182785"
"31.07.2016 12:05:21","101323"
"31.07.2016 12:04:21","261770"
"31.07.2016 12:03:21","152514"
"31.07.2016 12:02:21","187194"
"31.07.2016 12:01:21","149651"
"31.07.2016 12:00:21","108950"
"31.07.2016 11:59:21","134987"
"31.07.2016 11:58:21","83722"
"31.07.2016 11:57:21","203097"
"31.07.2016 11:56:21","435106"
"31.07.2016 11:55:21","677393"
"31.07.2016 11:54:21","1160450"
"31.07.2016 11:53:21","1264567"
"31.07.2016 11:52:21","1317596"
"31.07.2016 11:51:21","1149836"
"31.07.2016 11:50:21","325084"
"31.07.2016 11:49:21","281024"
"31.07.2016 11:48:21","300797"
"31.07.2016 11:47:21","444504"
"31.07.2016 11:46:21","252354"
"31.07.2016 11:45:21","255188"
"31.07.2016 11:44:21","883467"
"31.07.2016 11:43:21","831511"
"31.07.2016 11:42:21","365150"
"31.07.2016 11:41:21","403423"
"31.07.2016 11:40:21","446740"
"31.07.2016 11:39:21","479557"
"31.07.2016 11:38:21","505281"
"31.07.2016 11:37:21","530871"
"31.07.2016 11:36:21","715853"
"31.07.2016 11:35:21","477714"
"31.07.2016 11:34:21","305501"
"31.07.2016 11:33:21","77765"
"31.07.2016 11:32:21","101916"
"31.07.2016 11:31:21","103072"
"31.07.2016 11:30:21","407893"
"31.07.2016 11:29:21","798219"
"31.07.2016 11:28:21","800294"
"31.07.2016 11:27:21","299192"
"31.07.2016 11:26:21","89143"
"31.07.2016 11:25:21","121786"
"31.07.2016 11:24:21","111990"
"31.07.2016 11:23:21","236177"
"31.07.2016 11:22:21","136281"
"31.07.2016 11:21:21","358539"
"31.07.2016 11:20:21","951565"
"31.07.2016 11:19:21","655581"
"31.07.2016 11:18:21","1778114"
"31.07.2016 11:17:21","1970472"
"31.07.2016 11:16:21","2115496"
"31.07.2016 11:15:21","2246294"
"31.07.2016 11:14:21","2081419"
"31.07.2016 11:13:21","2051733"
"31.07.2016 11:12:21","1872411"
"31.07.2016 11:11:21","2322991"
"31.07.2016 11:10:21","3096371"
"31.07.2016 11:09:21","3415397"
"31.07.2016 11:08:21","3459485"
"31.07.2016 11:07:21","3694637"
"31.07.2016 11:06:21","3973148"
"31.07.2016 11:05:21","3227137"
"31.07.2016 11:04:21","2696566"
"31.07.2016 11:03:21","2987228"
"31.07.2016 11:02:21","2460554"
"31.07.2016 11:01:21","2449593"
"31.07.2016 11:00:21","2578871"
"31.07.2016 10:59:21","2353135"
"31.07.2016 10:58:21","2337019"
"31.07.2016 10:57:21","1025199"
"31.07.2016 10:56:21","835330"
"31.07.2016 10:55:21","990531"
"31.07.2016 10:54:21","834772"
"31.07.2016 10:53:21","1369936"
"31.07.2016 10:52:21","1226663"
"31.07.2016 10:51:21","1291815"
"31.07.2016 10:50:21","1345248"
"31.07.2016 10:49:21","1220036"
"31.07.2016 10:48:21","1200239"
"31.07.2016 10:47:21","1266394"
"31.07.2016 10:46:21","1326129"
"31.07.2016 10:45:21","1242770"
"31.07.2016 10:44:21","409823"
"31.07.2016 10:43:21","446486"
"31.07.2016 10:42:21","146650"
"31.07.2016 10:41:21","341822"
"31.07.2016 10:40:21","448450"
"31.07.2016 10:39:21","736910"
"31.07.2016 10:38:21","1162357"
"31.07.2016 10:37:21","1158096"
"31.07.2016 10:36:21","1236857"
"31.07.2016 10:35:21","1193554"
"31.07.2016 10:34:21","1125577"
"31.07.2016 10:33:21","1139320"
"31.07.2016 10:32:21","824110"
"31.07.2016 10:31:21","1011772"
"31.07.2016 10:30:21","370683"
"31.07.2016 10:29:21","296260"
"31.07.2016 10:28:21","236185"
"31.07.2016 10:27:21","1502296"
"31.07.2016 10:26:21","1200075"
"31.07.2016 10:25:21","1005931"
"31.07.2016 10:24:21","917192"
"31.07.2016 10:23:21","921447"
"31.07.2016 10:22:21","936528"
"31.07.2016 10:21:21","624157"
"31.07.2016 10:20:21","644284"
"31.07.2016 10:19:21","704861"
"31.07.2016 10:18:21","683836"
"31.07.2016 10:17:21","744499"
"31.07.2016 10:16:21","1012247"
"31.07.2016 10:15:21","917630"
"31.07.2016 10:14:21","809202"
"31.07.2016 10:13:21","980360"
"31.07.2016 10:12:21","1137321"
"31.07.2016 10:11:21","452323"
"31.07.2016 10:10:21","833686"
"31.07.2016 10:09:21","823622"
"31.07.2016 10:08:21","765490"
"31.07.2016 10:07:21","832617"
"31.07.2016 10:06:21","798325"
"31.07.2016 10:05:21","786437"
"31.07.2016 10:04:21","841680"
"31.07.2016 10:03:21","856959"
"31.07.2016 10:02:21","847280"
"31.07.2016 10:01:21","747739"
"31.07.2016 10:00:21","804016"
"31.07.2016 09:59:21","979379"
"31.07.2016 09:58:21","1186344"
"31.07.2016 09:57:21","854059"
"31.07.2016 09:56:21","745387"
"31.07.2016 09:55:21","846570"
"31.07.2016 09:54:21","50680"
"31.07.2016 09:53:21","55531"
"31.07.2016 09:52:21","97439"
"31.07.2016 09:51:21","20129"
"31.07.2016 09:50:21","25926"
"31.07.2016 09:49:21","137601"
"31.07.2016 09:48:21","900734"
"31.07.2016 09:47:21","740015"
"31.07.2016 09:46:21","32087"
"31.07.2016 09:45:21","23612"
"31.07.2016 09:44:21","392059"
"31.07.2016 09:43:21","789148"
"31.07.2016 09:42:21","63763"
"31.07.2016 09:41:21","41380"
"31.07.2016 09:40:21","46633"
"31.07.2016 09:39:21","39246"
"31.07.2016 09:38:21","75241"
"31.07.2016 09:37:21","416509"
"31.07.2016 09:36:21","1135903"
"31.07.2016 09:35:21","1167679"
"31.07.2016 09:34:21","1172400"
"31.07.2016 09:33:21","1099714"
"31.07.2016 09:32:21","958645"
"31.07.2016 09:31:21","828649"
"31.07.2016 09:30:21","100780"
"31.07.2016 09:29:21","1036599"
"31.07.2016 09:28:21","987361"
"31.07.2016 09:27:21","1030405"
"31.07.2016 09:26:21","509506"
"31.07.2016 09:25:21","135942"
"31.07.2016 09:24:21","55933"
"31.07.2016 09:23:21","27462"
"31.07.2016 09:22:21","26233"
"31.07.2016 09:21:21","12296"
"31.07.2016 09:20:21","17393"
"31.07.2016 09:19:21","5916"
"31.07.2016 09:18:21","6768"
"31.07.2016 09:17:21","15696"
"31.07.2016 09:16:21","33359"
"31.07.2016 09:15:21","71136"
"31.07.2016 09:14:21","17504"
"31.07.2016 09:13:21","18304"
"31.07.2016 09:12:21","37372"
"31.07.2016 09:11:21","25898"
"31.07.2016 09:10:21","28416"
"31.07.2016 09:09:21","9001"
"31.07.2016 09:08:21","6839"
"31.07.2016 09:07:21","21744"
"31.07.2016 09:06:21","8912"
"31.07.2016 09:05:21","11227"
"31.07.2016 09:04:21","12892"
"31.07.2016 09:03:21","30945"
"31.07.2016 09:02:21","19023"
"31.07.2016 09:01:21","17994"
"31.07.2016 09:00:21","111024"
"31.07.2016 08:59:21","202650"
"31.07.2016 08:58:21","256865"
"31.07.2016 08:57:21","331444"
"31.07.2016 08:56:21","13534"
"31.07.2016 08:55:21","12019"
"31.07.2016 08:54:21","20866"
"31.07.2016 08:53:21","12643"
"31.07.2016 08:52:21","9886"
"31.07.2016 08:51:21","6848"
"31.07.2016 08:50:21","12796"
"31.07.2016 08:49:21","4809"
"31.07.2016 08:48:21","4678"
"31.07.2016 08:47:21","4708"
"31.07.2016 08:46:21","5088"
"31.07.2016 08:45:21","6196"
"31.07.2016 08:44:21","4555"
"31.07.2016 08:43:21","4724"
"31.07.2016 08:42:21","4734"
"31.07.2016 08:41:21","9345"
"31.07.2016 08:40:21","4853"
"31.07.2016 08:39:21","21974"
"31.07.2016 08:38:21","12767"
"31.07.2016 08:37:21","18063"
"31.07.2016 08:36:21","4249"
"31.07.2016 08:35:21","4700"
"31.07.2016 08:34:21","5486"
"31.07.2016 08:33:21","5213"
"31.07.2016 08:32:21","6708"
"31.07.2016 08:31:21","3150"
"31.07.2016 08:30:21","4769"
"31.07.2016 08:29:21","4691"
"31.07.2016 08:28:21","4757"
"31.07.2016 08:27:21","4774"
"31.07.2016 08:26:21","4383"
"31.07.2016 08:25:21","6598"
"31.07.2016 08:24:21","3578"
"31.07.2016 08:23:21","3670"
"31.07.2016 08:22:21","3600"
"31.07.2016 08:21:21","3814"
"31.07.2016 08:20:21","4736"
"31.07.2016 08:19:21","4789"
"31.07.2016 08:18:21","4687"
"31.07.2016 08:17:21","4577"
"31.07.2016 08:16:21","7572"
"31.07.2016 08:15:21","5483"
"31.07.2016 08:14:21","4575"
"31.07.2016 08:13:21","4657"
"31.07.2016 08:12:21","5485"
"31.07.2016 08:11:21","5397"
"31.07.2016 08:10:21","4739"
"31.07.2016 08:09:21","5895"
"31.07.2016 08:08:21","3766"
"31.07.2016 08:07:21","3613"
"31.07.2016 08:06:21","3725"
"31.07.2016 08:05:21","4780"
"31.07.2016 08:04:21","4676"
"31.07.2016 08:03:21","4821"
"31.07.2016 08:02:21","4766"
"31.07.2016 08:01:21","5400"
"31.07.2016 08:00:21","5265"
"31.07.2016 07:59:21","4773"
"31.07.2016 07:58:21","4696"
"31.07.2016 07:57:21","4687"
"31.07.2016 07:56:21","6400"
"31.07.2016 07:55:21","4940"
"31.07.2016 07:54:21","5810"
"31.07.2016 07:53:21","5089"
"31.07.2016 07:52:21","27033"
"31.07.2016 07:51:21","3824"
"31.07.2016 07:50:21","4535"
"31.07.2016 07:49:21","4772"
"31.07.2016 07:48:21","4776"
"31.07.2016 07:47:21","4709"
"31.07.2016 07:46:21","4848"
"31.07.2016 07:45:21","5448"
"31.07.2016 07:44:21","4347"
"31.07.2016 07:43:21","4587"
"31.07.2016 07:42:21","4644"
"31.07.2016 07:41:21","4907"
"31.07.2016 07:40:21","4865"
"31.07.2016 07:39:21","5730"
"31.07.2016 07:38:21","3583"
"31.07.2016 07:37:21","3778"
"31.07.2016 07:36:21","3828"
"31.07.2016 07:35:21","4710"
"31.07.2016 07:34:21","4798"
"31.07.2016 07:33:21","4644"
"31.07.2016 07:32:21","4608"
"31.07.2016 07:31:21","5506"
"31.07.2016 07:30:21","4651"
"31.07.2016 07:29:21","4606"
"31.07.2016 07:28:21","4693"
"31.07.2016 07:27:21","4760"
"31.07.2016 07:26:21","4828"
"31.07.2016 07:25:21","4971"
"31.07.2016 07:24:21","6106"
"31.07.2016 07:23:21","4028"
"31.07.2016 07:22:21","3198"
"31.07.2016 07:21:21","3868"
"31.07.2016 07:20:21","4740"
"31.07.2016 07:19:21","4901"
"31.07.2016 07:18:21","4674"
"31.07.2016 07:17:21","15782"
"31.07.2016 07:16:21","3844"
"31.07.2016 07:15:21","6433"
"31.07.2016 07:14:21","5709"
"31.07.2016 07:13:21","3770"
"31.07.2016 07:12:21","3889"
"31.07.2016 07:11:21","3877"
"31.07.2016 07:10:21","3797"
"31.07.2016 07:09:21","3656"
"31.07.2016 07:08:21","3758"
"31.07.2016 07:07:21","3596"
"31.07.2016 07:06:21","3804"
"31.07.2016 07:05:21","4807"
"31.07.2016 07:04:21","4765"
"31.07.2016 07:03:21","4676"
"31.07.2016 07:02:21","9443"
"31.07.2016 07:01:21","213443"
"31.07.2016 07:00:21","142424"
"31.07.2016 06:59:21","4844"
"31.07.2016 06:58:21","4676"
"31.07.2016 06:57:21","4753"
"31.07.2016 06:56:21","4842"
"31.07.2016 06:55:21","4953"
"31.07.2016 06:54:21","4678"
"31.07.2016 06:53:21","4789"
"31.07.2016 06:52:21","4679"
"31.07.2016 06:51:21","4867"
"31.07.2016 06:50:21","4813"
"31.07.2016 06:49:21","4745"
"31.07.2016 06:48:21","4653"
"31.07.2016 06:47:21","4612"
"31.07.2016 06:46:21","9514"
"31.07.2016 06:45:21","65764"
"31.07.2016 06:44:21","4600"
"31.07.2016 06:43:21","4742"
"31.07.2016 06:42:21","4559"
"31.07.2016 06:41:21","4846"
"31.07.2016 06:40:21","5068"
"31.07.2016 06:39:21","4843"
"31.07.2016 06:38:21","4609"
"31.07.2016 06:37:21","4843"
"31.07.2016 06:36:21","4957"
"31.07.2016 06:35:21","5023"
"31.07.2016 06:34:21","4745"
"31.07.2016 06:33:21","4698"
"31.07.2016 06:32:21","4647"
"31.07.2016 06:31:21","4776"
"31.07.2016 06:30:21","4976"
"31.07.2016 06:29:21","4764"
"31.07.2016 06:28:21","4628"
"31.07.2016 06:27:21","4683"
"31.07.2016 06:26:21","4805"
"31.07.2016 06:25:21","4906"
"31.07.2016 06:24:21","5062"
"31.07.2016 06:23:21","4345"
"31.07.2016 06:22:21","4624"
"31.07.2016 06:21:21","4892"
"31.07.2016 06:20:21","4969"
"31.07.2016 06:19:21","4761"
"31.07.2016 06:18:21","4847"
"31.07.2016 06:17:21","4660"
"31.07.2016 06:16:21","4787"
"31.07.2016 06:15:21","4992"
"31.07.2016 06:14:21","4709"
"31.07.2016 06:13:21","4772"
"31.07.2016 06:12:21","4718"
"31.07.2016 06:11:21","4932"
"31.07.2016 06:10:21","4863"
"31.07.2016 06:09:21","4816"
"31.07.2016 06:08:21","4799"
"31.07.2016 06:07:21","4727"
"31.07.2016 06:06:21","15159"
"31.07.2016 06:05:21","4934"
"31.07.2016 06:04:21","4920"
"31.07.2016 06:03:21","10416"
"31.07.2016 06:02:21","3108"
"31.07.2016 06:01:21","31251"
"31.07.2016 06:00:21","5502"
"31.07.2016 05:59:21","4720"
"31.07.2016 05:58:21","4630"
"31.07.2016 05:57:21","4818"
"31.07.2016 05:56:21","4905"
"31.07.2016 05:55:21","4848"
"31.07.2016 05:54:21","4836"
"31.07.2016 05:53:21","4716"
"31.07.2016 05:52:21","4634"
"31.07.2016 05:51:21","5687"
"31.07.2016 05:50:21","5042"
"31.07.2016 05:49:21","4936"
"31.07.2016 05:48:21","4639"
"31.07.2016 05:47:21","4791"
"31.07.2016 05:46:21","4750"
"31.07.2016 05:45:21","6349"
"31.07.2016 05:44:21","4751"
"31.07.2016 05:43:21","4750"
"31.07.2016 05:42:21","4649"
"31.07.2016 05:41:21","4836"
"31.07.2016 05:40:21","5143"
"31.07.2016 05:39:21","5340"
"31.07.2016 05:38:21","4671"
"31.07.2016 05:37:21","4770"
"31.07.2016 05:36:21","4982"
"31.07.2016 05:35:21","5518"
"31.07.2016 05:34:21","4915"
"31.07.2016 05:33:21","4733"
"31.07.2016 05:32:21","4567"
"31.07.2016 05:31:21","4820"
"31.07.2016 05:30:21","4877"
"31.07.2016 05:29:21","4831"
"31.07.2016 05:28:21","4750"
"31.07.2016 05:27:21","4804"
"31.07.2016 05:26:21","4740"
"31.07.2016 05:25:21","4925"
"31.07.2016 05:24:21","4945"
"31.07.2016 05:23:21","4812"
"31.07.2016 05:22:21","4725"
"31.07.2016 05:21:21","4939"
"31.07.2016 05:20:21","4467"
"31.07.2016 05:19:21","4711"
"31.07.2016 05:18:21","4840"
"31.07.2016 05:17:21","4695"
"31.07.2016 05:16:21","4903"
"31.07.2016 05:15:21","4957"
"31.07.2016 05:14:21","4984"
"31.07.2016 05:13:21","4789"
"31.07.2016 05:12:21","4821"
"31.07.2016 05:11:21","4938"
"31.07.2016 05:10:21","4831"
"31.07.2016 05:09:21","4699"
"31.07.2016 05:08:21","4785"
"31.07.2016 05:07:21","4716"
"31.07.2016 05:06:21","4872"
"31.07.2016 05:05:21","5044"
"31.07.2016 05:04:21","4797"
"31.07.2016 05:03:21","4689"
"31.07.2016 05:02:21","4732"
"31.07.2016 05:01:21","5002"
"31.07.2016 05:00:21","4939"
"31.07.2016 04:59:21","5492"
"31.07.2016 04:58:21","4673"
"31.07.2016 04:57:21","4730"
"31.07.2016 04:56:21","4908"
"31.07.2016 04:55:21","4926"
"31.07.2016 04:54:21","4753"
"31.07.2016 04:53:21","4780"
"31.07.2016 04:52:21","4735"
"31.07.2016 04:51:21","5013"
"31.07.2016 04:50:21","4906"
"31.07.2016 04:49:21","4822"
"31.07.2016 04:48:21","4677"
"31.07.2016 04:47:21","4662"
"31.07.2016 04:46:21","4924"
"31.07.2016 04:45:21","5081"
"31.07.2016 04:44:21","4717"
"31.07.2016 04:43:21","4739"
"31.07.2016 04:42:21","4577"
"31.07.2016 04:41:21","4813"
"31.07.2016 04:40:21","5000"
"31.07.2016 04:39:21","4833"
"31.07.2016 04:38:21","4719"
"31.07.2016 04:37:21","4734"
"31.07.2016 04:36:21","4914"
"31.07.2016 04:35:21","4904"
"31.07.2016 04:34:21","4873"
"31.07.2016 04:33:21","4735"
"31.07.2016 04:32:21","4709"
"31.07.2016 04:31:21","4797"
"31.07.2016 04:30:21","4968"
"31.07.2016 04:29:21","4703"
"31.07.2016 04:28:21","4642"
"31.07.2016 04:27:21","4822"
"31.07.2016 04:26:21","4881"
"31.07.2016 04:25:21","5009"
"31.07.2016 04:24:21","4826"
"31.07.2016 04:23:21","4877"
"31.07.2016 04:22:21","4670"
"31.07.2016 04:21:21","4882"
"31.07.2016 04:20:21","4915"
"31.07.2016 04:19:21","4437"
"31.07.2016 04:18:21","4747"
"31.07.2016 04:17:21","4804"
"31.07.2016 04:16:21","4821"
"31.07.2016 04:15:21","4833"
"31.07.2016 04:14:21","4862"
"31.07.2016 04:13:21","4732"
"31.07.2016 04:12:21","4820"
"31.07.2016 04:11:21","5060"
"31.07.2016 04:10:21","8424"
"31.07.2016 04:09:21","4757"
"31.07.2016 04:08:21","4811"
"31.07.2016 04:07:21","4656"
"31.07.2016 04:06:21","4917"
"31.07.2016 04:05:21","5045"
"31.07.2016 04:04:21","4919"
"31.07.2016 04:03:21","4795"
"31.07.2016 04:02:21","12176"
"31.07.2016 04:01:21","5422"
"31.07.2016 04:00:21","4919"
"31.07.2016 03:59:21","6267"
"31.07.2016 03:58:21","4790"
"31.07.2016 03:57:21","4793"
"31.07.2016 03:56:21","4886"
"31.07.2016 03:55:21","4979"
"31.07.2016 03:54:21","4858"
"31.07.2016 03:53:21","5567"
"31.07.2016 03:52:21","5273"
"31.07.2016 03:51:21","4913"
"31.07.2016 03:50:21","5015"
"31.07.2016 03:49:21","4849"
"31.07.2016 03:48:21","4693"
"31.07.2016 03:47:21","4682"
"31.07.2016 03:46:21","4822"
"31.07.2016 03:45:21","4932"
"31.07.2016 03:44:21","4833"
"31.07.2016 03:43:21","4756"
"31.07.2016 03:42:21","4749"
"31.07.2016 03:41:21","4883"
"31.07.2016 03:40:21","4852"
"31.07.2016 03:39:21","4883"
"31.07.2016 03:38:21","4722"
"31.07.2016 03:37:21","5339"
"31.07.2016 03:36:21","4910"
"31.07.2016 03:35:21","5086"
"31.07.2016 03:34:21","4908"
"31.07.2016 03:33:21","4828"
"31.07.2016 03:32:21","4602"
"31.07.2016 03:31:21","4812"
"31.07.2016 03:30:21","5019"
"31.07.2016 03:29:21","4774"
"31.07.2016 03:28:21","4796"
"31.07.2016 03:27:21","4755"
"31.07.2016 03:26:21","4828"
"31.07.2016 03:25:21","4906"
"31.07.2016 03:24:21","4771"
"31.07.2016 03:23:21","4807"
"31.07.2016 03:22:21","4429"
"31.07.2016 03:21:21","4974"
"31.07.2016 03:20:21","4859"
"31.07.2016 03:19:21","4705"
"31.07.2016 03:18:21","4665"
"31.07.2016 03:17:21","4844"
"31.07.2016 03:16:21","4812"
"31.07.2016 03:15:21","5112"
"31.07.2016 03:14:21","4860"
"31.07.2016 03:13:21","4778"
"31.07.2016 03:12:21","4697"
"31.07.2016 03:11:21","4918"
"31.07.2016 03:10:21","4904"
"31.07.2016 03:09:21","4826"
"31.07.2016 03:08:21","4948"
"31.07.2016 03:07:21","4751"
"31.07.2016 03:06:21","5045"
"31.07.2016 03:05:21","4922"
"31.07.2016 03:04:21","4881"
"31.07.2016 03:03:21","4778"
"31.07.2016 03:02:21","9441"
"31.07.2016 03:01:21","4737"
"31.07.2016 03:00:21","4993"
"31.07.2016 02:59:21","5330"
"31.07.2016 02:58:21","4708"
"31.07.2016 02:57:21","4650"
"31.07.2016 02:56:21","4844"
"31.07.2016 02:55:21","5004"
"31.07.2016 02:54:21","4849"
"31.07.2016 02:53:21","4743"
"31.07.2016 02:52:21","4678"
"31.07.2016 02:51:21","4835"
"31.07.2016 02:50:21","4854"
"31.07.2016 02:49:21","4883"
"31.07.2016 02:48:21","4853"
"31.07.2016 02:47:21","4773"
"31.07.2016 02:46:21","4849"
"31.07.2016 02:45:21","4953"
"31.07.2016 02:44:21","4693"
"31.07.2016 02:43:21","4678"
"31.07.2016 02:42:21","4719"
"31.07.2016 02:41:21","4962"
"31.07.2016 02:40:21","4909"
"31.07.2016 02:39:21","4824"
"31.07.2016 02:38:21","4762"
"31.07.2016 02:37:21","4689"
"31.07.2016 02:36:21","4818"
"31.07.2016 02:35:21","4882"
"31.07.2016 02:34:21","4877"
"31.07.2016 02:33:21","4909"
"31.07.2016 02:32:21","4731"
"31.07.2016 02:31:21","4867"
"31.07.2016 02:30:21","4885"
"31.07.2016 02:29:21","4742"
"31.07.2016 02:28:21","4609"
"31.07.2016 02:27:21","4795"
"31.07.2016 02:26:21","4855"
"31.07.2016 02:25:21","4991"
"31.07.2016 02:24:21","4766"
"31.07.2016 02:23:21","4658"
"31.07.2016 02:22:21","208166"
"31.07.2016 02:21:21","663089"
"31.07.2016 02:20:21","648810"
"31.07.2016 02:19:21","632946"
"31.07.2016 02:18:21","643820"
"31.07.2016 02:17:21","294992"
"31.07.2016 02:16:21","217529"
"31.07.2016 02:15:21","663865"
"31.07.2016 02:14:21","636667"
"31.07.2016 02:13:21","648170"
"31.07.2016 02:12:21","647185"
"31.07.2016 02:11:21","280924"
"31.07.2016 02:10:21","4867"
"31.07.2016 02:09:21","4678"
"31.07.2016 02:08:21","12050"
"31.07.2016 02:07:21","698323"
"31.07.2016 02:06:21","683182"
"31.07.2016 02:05:21","609677"
"31.07.2016 02:04:21","642415"
"31.07.2016 02:03:21","457679"
"31.07.2016 02:02:21","4759"
"31.07.2016 02:01:21","4900"
"31.07.2016 02:00:21","5133"
"31.07.2016 01:59:21","5459"
"31.07.2016 01:58:21","4794"
"31.07.2016 01:57:21","5422"
"31.07.2016 01:56:21","203028"
"31.07.2016 01:55:21","6850"
"31.07.2016 01:54:21","192864"
"31.07.2016 01:53:21","472678"
"31.07.2016 01:52:21","325580"
"31.07.2016 01:51:21","10283"
"31.07.2016 01:50:21","5040"
"31.07.2016 01:49:21","4867"
"31.07.2016 01:48:21","4682"
"31.07.2016 01:47:21","4634"
"31.07.2016 01:46:21","4785"
"31.07.2016 01:45:21","4921"
"31.07.2016 01:44:21","4723"
"31.07.2016 01:43:21","4849"
"31.07.2016 01:42:21","4714"
"31.07.2016 01:41:21","4807"
"31.07.2016 01:40:21","4956"
"31.07.2016 01:39:21","4749"
"31.07.2016 01:38:21","4838"
"31.07.2016 01:37:21","4776"
"31.07.2016 01:36:21","4951"
"31.07.2016 01:35:21","4877"
"31.07.2016 01:34:21","4686"
"31.07.2016 01:33:21","4772"
"31.07.2016 01:32:21","4780"
"31.07.2016 01:31:21","4827"
"31.07.2016 01:30:21","4861"
"31.07.2016 01:29:21","4794"
"31.07.2016 01:28:21","4607"
"31.07.2016 01:27:21","4981"
"31.07.2016 01:26:21","4841"
"31.07.2016 01:25:21","4868"
"31.07.2016 01:24:21","4724"
"31.07.2016 01:23:21","4911"
"31.07.2016 01:22:21","4722"
"31.07.2016 01:21:21","4993"
"31.07.2016 01:20:21","4580"
"31.07.2016 01:19:21","4650"
"31.07.2016 01:18:21","4673"
"31.07.2016 01:17:21","4664"
"31.07.2016 01:16:21","4935"
"31.07.2016 01:15:21","4924"
"31.07.2016 01:14:21","4939"
"31.07.2016 01:13:21","4738"
"31.07.2016 01:12:21","4738"
"31.07.2016 01:11:21","4813"
"31.07.2016 01:10:21","5038"
"31.07.2016 01:09:21","4907"
"31.07.2016 01:08:21","4746"
"31.07.2016 01:07:21","4754"
"31.07.2016 01:06:21","4859"
"31.07.2016 01:05:21","4946"
"31.07.2016 01:04:21","4798"
"31.07.2016 01:03:21","4770"
"31.07.2016 01:02:21","4675"
"31.07.2016 01:01:21","4933"
"31.07.2016 01:00:21","5038"
"31.07.2016 00:59:21","4791"
"31.07.2016 00:58:21","5375"
"31.07.2016 00:57:21","4659"
"31.07.2016 00:56:21","4879"
"31.07.2016 00:55:21","4863"
"31.07.2016 00:54:21","4969"
"31.07.2016 00:53:21","4864"
"31.07.2016 00:52:21","4603"
"31.07.2016 00:51:21","4917"
"31.07.2016 00:50:21","4930"
"31.07.2016 00:49:21","4716"
"31.07.2016 00:48:21","4846"
"31.07.2016 00:47:21","4758"
"31.07.2016 00:46:21","4824"
"31.07.2016 00:45:21","4861"
"31.07.2016 00:44:21","4668"
"31.07.2016 00:43:21","4805"
"31.07.2016 00:42:21","4702"
"31.07.2016 00:41:21","4859"
"31.07.2016 00:40:21","4875"
"31.07.2016 00:39:21","4714"
"31.07.2016 00:38:21","4798"
"31.07.2016 00:37:21","4825"
"31.07.2016 00:36:21","4863"
"31.07.2016 00:35:21","4906"
"31.07.2016 00:34:21","4783"
"31.07.2016 00:33:21","4765"
"31.07.2016 00:32:21","4759"
"31.07.2016 00:31:21","4813"
"31.07.2016 00:30:21","4861"
"31.07.2016 00:29:21","4754"
"31.07.2016 00:28:21","4667"
"31.07.2016 00:27:21","4764"
"31.07.2016 00:26:21","4944"
"31.07.2016 00:25:21","4917"
"31.07.2016 00:24:21","4665"
"31.07.2016 00:23:21","4795"
"31.07.2016 00:22:21","4673"
"31.07.2016 00:21:21","4976"
"31.07.2016 00:20:21","4888"
"31.07.2016 00:19:21","5372"
"31.07.2016 00:18:21","4702"
"31.07.2016 00:17:21","4850"
"31.07.2016 00:16:21","4783"
"31.07.2016 00:15:21","5006"
"31.07.2016 00:14:21","4685"
"31.07.2016 00:13:21","4837"
"31.07.2016 00:12:21","4804"
"31.07.2016 00:11:21","4780"
"31.07.2016 00:10:21","5001"
"31.07.2016 00:09:21","4731"
"31.07.2016 00:08:21","4806"
"31.07.2016 00:07:21","5633"
"31.07.2016 00:06:21","4992"
"31.07.2016 00:05:21","4912"
"31.07.2016 00:04:21","4800"
"31.07.2016 00:03:21","47759"
"31.07.2016 00:02:21","165880"
"31.07.2016 00:01:21","369079"
"31.07.2016 00:00:21","565205"
"30.07.2016 23:59:21","568737"
"30.07.2016 23:58:21","591295"
"30.07.2016 23:57:21","619531"
"30.07.2016 23:56:21","608843"
"30.07.2016 23:55:21","555440"
"30.07.2016 23:54:21","558864"
"30.07.2016 23:53:21","584216"
"30.07.2016 23:52:21","557650"
"30.07.2016 23:51:21","582406"
"30.07.2016 23:50:21","577285"
"30.07.2016 23:49:21","579501"
"30.07.2016 23:48:21","559895"
"30.07.2016 23:47:21","554016"
"30.07.2016 23:46:21","560737"
"30.07.2016 23:45:21","563772"
"30.07.2016 23:44:21","534640"
"30.07.2016 23:43:21","550552"
"30.07.2016 23:42:21","556661"
"30.07.2016 23:41:21","566768"
"30.07.2016 23:40:21","598679"
"30.07.2016 23:39:21","572191"
"30.07.2016 23:38:21","384421"
"30.07.2016 23:37:21","478772"
"30.07.2016 23:36:21","521448"
"30.07.2016 23:35:21","529110"
"30.07.2016 23:34:21","566407"
"30.07.2016 23:33:21","583725"
"30.07.2016 23:32:21","600512"
"30.07.2016 23:31:21","614027"
"30.07.2016 23:30:21","570427"
"30.07.2016 23:29:21","574345"
"30.07.2016 23:28:21","619941"
"30.07.2016 23:27:21","696080"
"30.07.2016 23:26:21","704618"
"30.07.2016 23:25:21","648086"
"30.07.2016 23:24:21","601426"
"30.07.2016 23:23:21","637680"
"30.07.2016 23:22:21","631194"
"30.07.2016 23:21:21","594729"
"30.07.2016 23:20:21","662134"
"30.07.2016 23:19:21","663195"
"30.07.2016 23:18:21","608782"
"30.07.2016 23:17:21","603213"
"30.07.2016 23:16:21","644853"
"30.07.2016 23:15:21","733146"
"30.07.2016 23:14:21","501659"
"30.07.2016 23:13:21","498214"
"30.07.2016 23:12:21","488553"
"30.07.2016 23:11:21","585593"
"30.07.2016 23:10:21","669473"
"30.07.2016 23:09:21","665968"
"30.07.2016 23:08:21","690313"
"30.07.2016 23:07:21","684188"
"30.07.2016 23:06:21","699326"
"30.07.2016 23:05:21","681695"
"30.07.2016 23:04:21","660818"
"30.07.2016 23:03:21","613757"
"30.07.2016 23:02:21","620973"
"30.07.2016 23:01:21","618132"
"30.07.2016 23:00:21","647207"
"30.07.2016 22:59:21","665906"
"30.07.2016 22:58:21","663554"
"30.07.2016 22:57:21","648903"
"30.07.2016 22:56:21","677173"
"30.07.2016 22:55:21","93183"
"30.07.2016 22:54:21","12429"
"30.07.2016 22:53:21","11178"
"30.07.2016 22:52:21","11356"
"30.07.2016 22:51:21","18153"
"30.07.2016 22:50:21","6763"
"30.07.2016 22:49:21","11778"
"30.07.2016 22:48:21","8617"
"30.07.2016 22:47:21","14777"
"30.07.2016 22:46:21","5479"
"30.07.2016 22:45:21","14045"
"30.07.2016 22:44:21","10823"
"30.07.2016 22:43:21","9700"
"30.07.2016 22:42:21","10430"
"30.07.2016 22:41:21","8669"
"30.07.2016 22:40:21","14704"
"30.07.2016 22:39:21","6744"
"30.07.2016 22:38:21","10326"
"30.07.2016 22:37:21","8583"
"30.07.2016 22:36:21","4929"
"30.07.2016 22:35:21","4845"
"30.07.2016 22:34:21","4671"
"30.07.2016 22:33:21","5097"
"30.07.2016 22:32:21","6036"
"30.07.2016 22:31:21","13627"
"30.07.2016 22:30:21","9669"
"30.07.2016 22:29:21","12697"
"30.07.2016 22:28:21","8840"
"30.07.2016 22:27:21","5540"
"30.07.2016 22:26:21","13434"
"30.07.2016 22:25:21","11777"
"30.07.2016 22:24:21","15059"
"30.07.2016 22:23:21","14264"
"30.07.2016 22:22:21","16533"
"30.07.2016 22:21:21","9568"
"30.07.2016 22:20:21","6270"
"30.07.2016 22:19:21","11533"
"30.07.2016 22:18:21","8590"
"30.07.2016 22:17:21","13867"
"30.07.2016 22:16:21","5969"
"30.07.2016 22:15:21","14161"
"30.07.2016 22:14:21","9082"
"30.07.2016 22:13:21","10482"
"30.07.2016 22:12:21","11403"
"30.07.2016 22:11:21","10071"
"30.07.2016 22:10:21","10828"
"30.07.2016 22:09:21","11154"
"30.07.2016 22:08:21","11362"
"30.07.2016 22:07:21","8201"
"30.07.2016 22:06:21","22004"
"30.07.2016 22:05:21","16719"
"30.07.2016 22:04:21","12942"
"30.07.2016 22:03:21","14831"
"30.07.2016 22:02:21","13052"
"30.07.2016 22:01:21","13035"
"30.07.2016 22:00:21","13362"
"30.07.2016 21:59:21","15157"
"30.07.2016 21:58:21","17640"
"30.07.2016 21:57:21","15853"
"30.07.2016 21:56:21","13151"
"30.07.2016 21:55:21","12104"
"30.07.2016 21:54:21","18064"
"30.07.2016 21:53:21","7546"
"30.07.2016 21:52:21","10617"
"30.07.2016 21:51:21","4982"
"30.07.2016 21:50:21","11579"
"30.07.2016 21:49:21","4983"
"30.07.2016 21:48:21","12661"
"30.07.2016 21:47:21","6493"
"30.07.2016 21:46:21","9652"
"30.07.2016 21:45:21","11196"
"30.07.2016 21:44:21","10705"
"30.07.2016 21:43:21","7272"
"30.07.2016 21:42:21","9760"
"30.07.2016 21:41:21","5527"
"30.07.2016 21:40:21","5465"
"30.07.2016 21:39:21","9205"
"30.07.2016 21:38:21","8155"
"30.07.2016 21:37:21","8394"
"30.07.2016 21:36:21","4841"
"30.07.2016 21:35:21","8499"
"30.07.2016 21:34:21","4316"
"30.07.2016 21:33:21","4667"
"30.07.2016 21:32:21","10669"
"30.07.2016 21:31:21","13475"
"30.07.2016 21:30:21","11590"
"30.07.2016 21:29:21","12724"
"30.07.2016 21:28:21","10107"
"30.07.2016 21:27:21","9674"
"30.07.2016 21:26:21","9885"
"30.07.2016 21:25:21","4967"
"30.07.2016 21:24:21","5183"
"30.07.2016 21:23:21","9224"
"30.07.2016 21:22:21","10439"
"30.07.2016 21:21:21","12743"
"30.07.2016 21:20:21","25628"
"30.07.2016 21:19:21","35947"
"30.07.2016 21:18:21","11519"
"30.07.2016 21:17:21","8343"
"30.07.2016 21:16:21","17291"
"30.07.2016 21:15:21","32161"
"30.07.2016 21:14:21","52725"
"30.07.2016 21:13:21","9541"
"30.07.2016 21:12:21","21067"
"30.07.2016 21:11:21","486110"
"30.07.2016 21:10:21","1061472"
"30.07.2016 21:09:21","1101935"
"30.07.2016 21:08:21","1256482"
"30.07.2016 21:07:21","1759808"
"30.07.2016 21:06:21","1454483"
"30.07.2016 21:05:21","327388"
"30.07.2016 21:04:21","4697"
"30.07.2016 21:03:21","4791"
"30.07.2016 21:02:21","4923"
"30.07.2016 21:01:21","6628"
"30.07.2016 21:00:21","7463"
"30.07.2016 20:59:21","9023"
"30.07.2016 20:58:21","7870"
"30.07.2016 20:57:21","6681"
"30.07.2016 20:56:21","4824"
"30.07.2016 20:55:21","4867"
"30.07.2016 20:54:21","5474"
"30.07.2016 20:53:21","4696"
"30.07.2016 20:52:21","5119"
"30.07.2016 20:51:21","5168"
"30.07.2016 20:50:21","4792"
"30.07.2016 20:49:21","4796"
"30.07.2016 20:48:21","4691"
"30.07.2016 20:47:21","4672"
"30.07.2016 20:46:21","8035"
"30.07.2016 20:45:21","4832"
"30.07.2016 20:44:21","4600"
"30.07.2016 20:43:21","4726"
"30.07.2016 20:42:21","7647"
"30.07.2016 20:41:21","4944"
"30.07.2016 20:40:21","4897"
"30.07.2016 20:39:21","4732"
"30.07.2016 20:38:21","4695"
"30.07.2016 20:37:21","4672"
"30.07.2016 20:36:21","4946"
"30.07.2016 20:35:21","5047"
"30.07.2016 20:34:21","8952"
"30.07.2016 20:33:21","7938"
"30.07.2016 20:32:21","7720"
"30.07.2016 20:31:21","8327"
"30.07.2016 20:30:21","6921"
"30.07.2016 20:29:21","13337"
"30.07.2016 20:28:21","10758"
"30.07.2016 20:27:21","13463"
"30.07.2016 20:26:21","9125"
"30.07.2016 20:25:21","6490"
"30.07.2016 20:24:21","6378"
"30.07.2016 20:23:21","7085"
"30.07.2016 20:22:21","7202"
"30.07.2016 20:21:21","7562"
"30.07.2016 20:20:21","8320"
"30.07.2016 20:19:21","8732"
"30.07.2016 20:18:21","9667"
"30.07.2016 20:17:21","8126"
"30.07.2016 20:16:21","6113"
"30.07.2016 20:15:21","7346"
"30.07.2016 20:14:21","7054"
"30.07.2016 20:13:21","6229"
"30.07.2016 20:12:21","7207"
"30.07.2016 20:11:21","7300"
"30.07.2016 20:10:21","7407"
"30.07.2016 20:09:21","6421"
"30.07.2016 20:08:21","7478"
"30.07.2016 20:07:21","7213"
"30.07.2016 20:06:21","11344"
"30.07.2016 20:05:21","12687"
"30.07.2016 20:04:21","7278"
"30.07.2016 20:03:21","7099"
"30.07.2016 20:02:21","10932"
"30.07.2016 20:01:21","9936"
"30.07.2016 20:00:21","7256"
"30.07.2016 19:59:21","6715"
"30.07.2016 19:58:21","13488"
"30.07.2016 19:57:21","7580"
"30.07.2016 19:56:21","12744"
"30.07.2016 19:55:21","7361"
"30.07.2016 19:54:21","7146"
"30.07.2016 19:53:21","8314"
"30.07.2016 19:52:21","8471"
"30.07.2016 19:51:21","9796"
"30.07.2016 19:50:21","51854"
"30.07.2016 19:49:21","7985"
"30.07.2016 19:48:21","12263"
"30.07.2016 19:47:21","9088"
"30.07.2016 19:46:21","7837"
"30.07.2016 19:45:21","10300"
"30.07.2016 19:44:21","6742"
"30.07.2016 19:43:21","6344"
"30.07.2016 19:42:21","6647"
"30.07.2016 19:41:21","6854"
"30.07.2016 19:40:21","10407"
"30.07.2016 19:39:20","7320"
"30.07.2016 19:38:20","10124"
"30.07.2016 19:37:20","7221"
"30.07.2016 19:36:20","6774"
"30.07.2016 19:35:20","7115"
"30.07.2016 19:34:20","6661"
"30.07.2016 19:33:20","11844"
"30.07.2016 19:32:20","14840"
"30.07.2016 19:31:20","7407"
"30.07.2016 19:30:20","7115"
"30.07.2016 19:29:20","7856"
"30.07.2016 19:28:20","7638"
"30.07.2016 19:27:20","9401"
"30.07.2016 19:26:20","16035"
"30.07.2016 19:25:20","8776"
"30.07.2016 19:24:20","11032"
"30.07.2016 19:23:20","7788"
"30.07.2016 19:22:20","8636"
"30.07.2016 19:21:20","5802"
"30.07.2016 19:20:20","8069"
"30.07.2016 19:19:20","6742"
"30.07.2016 19:18:20","7650"
"30.07.2016 19:17:20","9458"
"30.07.2016 19:16:20","9129"
"30.07.2016 19:15:20","8672"
"30.07.2016 19:14:20","7239"
"30.07.2016 19:13:20","10590"
"30.07.2016 19:12:20","52884"
"30.07.2016 19:11:20","6963"
"30.07.2016 19:10:20","10852"
"30.07.2016 19:09:20","6777"
"30.07.2016 19:08:20","5765"
"30.07.2016 19:07:20","5537"
"30.07.2016 19:06:20","7388"
"30.07.2016 19:05:20","6461"
"30.07.2016 19:04:20","6273"
"30.07.2016 19:03:20","17019"
"30.07.2016 19:02:20","6400"
"30.07.2016 19:01:20","13195"
"30.07.2016 19:00:20","6542"
"30.07.2016 18:59:20","5493"
"30.07.2016 18:58:20","6517"
"30.07.2016 18:57:20","7052"
"30.07.2016 18:56:20","6723"
"30.07.2016 18:55:20","9088"
"30.07.2016 18:54:20","29930"
"30.07.2016 18:53:20","7670"
"30.07.2016 18:52:20","18508"
"30.07.2016 18:51:20","33541"
"30.07.2016 18:50:20","6579"
"30.07.2016 18:49:20","7627"
"30.07.2016 18:48:20","9106"
"30.07.2016 18:47:20","6466"
"30.07.2016 18:46:20","6520"
"30.07.2016 18:45:20","5822"
"30.07.2016 18:44:20","40598"
"30.07.2016 18:43:20","13157"
"30.07.2016 18:42:20","57716"
"30.07.2016 18:41:20","104330"
"30.07.2016 18:40:20","22458"
"30.07.2016 18:39:20","9528"
"30.07.2016 18:38:20","9366"
"30.07.2016 18:37:20","5988"
"30.07.2016 18:36:20","9568"
"30.07.2016 18:35:20","87623"
"30.07.2016 18:34:20","9086"
"30.07.2016 18:33:20","6455"
"30.07.2016 18:32:20","6475"
"30.07.2016 18:31:20","6784"
"30.07.2016 18:30:20","20239"
"30.07.2016 18:29:20","6606"
"30.07.2016 18:28:20","310392"
"30.07.2016 18:27:20","61165"
"30.07.2016 18:26:20","67625"
"30.07.2016 18:25:20","33592"
"30.07.2016 18:24:20","36703"
"30.07.2016 18:23:20","11016"
"30.07.2016 18:22:20","39723"
"30.07.2016 18:21:20","168702"
"30.07.2016 18:20:20","71727"
"30.07.2016 18:19:20","37168"
"30.07.2016 18:18:20","12071"
"30.07.2016 18:17:20","18362"
"30.07.2016 18:16:20","20169"
"30.07.2016 18:15:20","37226"
"30.07.2016 18:14:20","71673"
"30.07.2016 18:13:20","9390"
"30.07.2016 18:12:20","14352"
"30.07.2016 18:11:20","38757"
"30.07.2016 18:10:20","33198"
"30.07.2016 18:09:20","20059"
"30.07.2016 18:08:20","59123"
"30.07.2016 18:07:20","565465"
"30.07.2016 18:06:20","434624"
"30.07.2016 18:05:20","63177"
"30.07.2016 18:04:20","38107"
"30.07.2016 18:03:20","47231"
"30.07.2016 18:02:20","68880"
"30.07.2016 18:01:20","83812"
"30.07.2016 18:00:20","83241"
"30.07.2016 17:59:20","293648"
"30.07.2016 17:58:20","436098"
"30.07.2016 17:57:20","387578"
"30.07.2016 17:56:20","540853"
"30.07.2016 17:55:20","700439"
"30.07.2016 17:54:20","661950"
"30.07.2016 17:53:20","678691"
"30.07.2016 17:52:20","639735"
"30.07.2016 17:51:20","490882"
"30.07.2016 17:50:20","208613"
"30.07.2016 17:49:20","117199"
"30.07.2016 17:48:20","51942"
"30.07.2016 17:47:20","126520"
"30.07.2016 17:46:20","239303"
"30.07.2016 17:45:20","377119"
"30.07.2016 17:44:20","350086"
"30.07.2016 17:43:20","589950"
"30.07.2016 17:42:20","528549"
"30.07.2016 17:41:20","424028"
"30.07.2016 17:40:20","618295"
"30.07.2016 17:39:20","463412"
"30.07.2016 17:38:20","364912"
"30.07.2016 17:37:20","413940"
"30.07.2016 17:36:20","197176"
"30.07.2016 17:35:20","151433"
"30.07.2016 17:34:20","156567"
"30.07.2016 17:33:20","57781"
"30.07.2016 17:32:20","144883"
"30.07.2016 17:31:20","122894"
"30.07.2016 17:30:20","169539"
"30.07.2016 17:29:20","313319"
"30.07.2016 17:28:20","153126"
"30.07.2016 17:27:20","208570"
"30.07.2016 17:26:20","742215"
"30.07.2016 17:25:20","1665280"
"30.07.2016 17:24:20","1447597"
"30.07.2016 17:23:20","1142998"
"30.07.2016 17:22:20","1246183"
"30.07.2016 17:21:20","1110939"
"30.07.2016 17:20:20","886510"
"30.07.2016 17:19:20","175545"
"30.07.2016 17:18:20","242189"
"30.07.2016 17:17:20","120428"
"30.07.2016 17:16:20","131579"
"30.07.2016 17:15:20","244467"
"30.07.2016 17:14:20","292958"
"30.07.2016 17:13:20","309908"
"30.07.2016 17:12:20","475849"
"30.07.2016 17:11:20","165567"
"30.07.2016 17:10:20","194297"
"30.07.2016 17:09:20","173218"
"30.07.2016 17:08:20","215412"
"30.07.2016 17:07:20","134547"
"30.07.2016 17:06:20","247830"
"30.07.2016 17:05:20","229636"
"30.07.2016 17:04:20","280085"
"30.07.2016 17:03:20","269878"
"30.07.2016 17:02:20","363406"
"30.07.2016 17:01:20","246850"
"30.07.2016 17:00:20","348811"
"30.07.2016 16:59:20","268112"
"30.07.2016 16:58:20","294864"
"30.07.2016 16:57:20","309109"
"30.07.2016 16:56:20","253739"
"30.07.2016 16:55:20","304188"
"30.07.2016 16:54:20","359855"
"30.07.2016 16:53:20","429036"
"30.07.2016 16:52:20","349995"
"30.07.2016 16:51:20","348656"
"30.07.2016 16:50:20","231713"
"30.07.2016 16:49:20","275713"
"30.07.2016 16:48:20","398457"
"30.07.2016 16:47:20","452352"
"30.07.2016 16:46:20","313237"
"30.07.2016 16:45:20","546915"
"30.07.2016 16:44:20","429180"
"30.07.2016 16:43:20","353948"
"30.07.2016 16:42:20","346052"
"30.07.2016 16:41:20","352440"
"30.07.2016 16:40:20","500425"
"30.07.2016 16:39:20","488261"
"30.07.2016 16:38:20","396160"
"30.07.2016 16:37:20","903268"
"30.07.2016 16:36:20","1008262"
"30.07.2016 16:35:20","1177185"
"30.07.2016 16:34:20","584547"
"30.07.2016 16:33:20","828178"
"30.07.2016 16:32:20","563911"
"30.07.2016 16:31:20","747613"
"30.07.2016 16:30:20","388653"
"30.07.2016 16:29:20","324026"
"30.07.2016 16:28:20","567481"
"30.07.2016 16:27:20","1360906"
"30.07.2016 16:26:20","1398961"
"30.07.2016 16:25:20","1305801"
"30.07.2016 16:24:20","1405976"
"30.07.2016 16:23:20","1594688"
"30.07.2016 16:22:20","1388521"
"30.07.2016 16:21:20","1315616"
"30.07.2016 16:20:20","773952"
"30.07.2016 16:19:20","406461"
"30.07.2016 16:18:20","856225"
"30.07.2016 16:17:20","985755"
"30.07.2016 16:16:20","778704"
"30.07.2016 16:15:20","940365"
"30.07.2016 16:14:20","988342"
"30.07.2016 16:13:20","776350"
"30.07.2016 16:12:20","771664"
"30.07.2016 16:11:20","616296"
"30.07.2016 16:10:20","433762"
"30.07.2016 16:09:20","313911"
"30.07.2016 16:08:20","125479"
"30.07.2016 16:07:20","298762"
"30.07.2016 16:06:20","725953"
"30.07.2016 16:05:20","408796"
"30.07.2016 16:04:20","375948"
"30.07.2016 16:03:20","287626"
"30.07.2016 16:02:20","444291"
"30.07.2016 16:01:20","321921"
"30.07.2016 16:00:20","465594"
"30.07.2016 15:59:20","459738"
"30.07.2016 15:58:20","593846"
"30.07.2016 15:57:20","317744"
"30.07.2016 15:56:20","468158"
"30.07.2016 15:55:20","458042"
"30.07.2016 15:54:20","273963"
"30.07.2016 15:53:20","247919"
"30.07.2016 15:52:20","368048"
"30.07.2016 15:51:20","508507"
"30.07.2016 15:50:20","293578"
"30.07.2016 15:49:20","288206"
"30.07.2016 15:48:20","280019"
"30.07.2016 15:47:20","430675"
"30.07.2016 15:46:20","698655"
"30.07.2016 15:45:20","602470"
"30.07.2016 15:44:20","548961"
"30.07.2016 15:43:20","697957"
"30.07.2016 15:42:20","781309"
"30.07.2016 15:41:20","1042425"
"30.07.2016 15:40:20","934211"
"30.07.2016 15:39:20","1147098"
"30.07.2016 15:38:20","1329949"
"30.07.2016 15:37:20","706626"
"30.07.2016 15:36:20","676808"
"30.07.2016 15:35:20","739850"
"30.07.2016 15:34:20","397588"
"30.07.2016 15:33:20","366577"
"30.07.2016 15:32:20","419771"
"30.07.2016 15:31:20","377977"
"30.07.2016 15:30:20","436228"
"30.07.2016 15:29:20","542647"
"30.07.2016 15:28:20","318122"
"30.07.2016 15:27:20","424021"
"30.07.2016 15:26:20","517324"
"30.07.2016 15:25:20","392916"
"30.07.2016 15:24:20","371511"
"30.07.2016 15:23:20","772747"
"30.07.2016 15:22:20","510415"
"30.07.2016 15:21:20","301474"
"30.07.2016 15:20:20","246953"
"30.07.2016 15:19:20","244948"
"30.07.2016 15:18:20","308916"
"30.07.2016 15:17:20","325654"
"30.07.2016 15:16:20","568154"
"30.07.2016 15:15:20","403878"
"30.07.2016 15:14:20","333070"
"30.07.2016 15:13:20","351394"
"30.07.2016 15:12:20","678368"
"30.07.2016 15:11:20","1142861"
"30.07.2016 15:10:20","394528"
"30.07.2016 15:09:20","218700"
"30.07.2016 15:08:20","385957"
"30.07.2016 15:07:20","377538"
"30.07.2016 15:06:20","560298"
"30.07.2016 15:05:20","252979"
"30.07.2016 15:04:20","315125"
"30.07.2016 15:03:20","622707"
"30.07.2016 15:02:20","1002377"
"30.07.2016 15:01:20","445585"
"30.07.2016 15:00:20","883621"
"30.07.2016 14:59:20","1317945"
"30.07.2016 14:58:20","1884567"
"30.07.2016 14:57:20","1903262"
"30.07.2016 14:56:20","1567263"
"30.07.2016 14:55:20","1318128"
"30.07.2016 14:54:20","1156991"
"30.07.2016 14:53:20","262530"
"30.07.2016 14:52:20","1083335"
"30.07.2016 14:51:20","1134340"
"30.07.2016 14:50:20","1129639"
"30.07.2016 14:49:20","1258367"
"30.07.2016 14:48:20","1128861"
"30.07.2016 14:47:20","1115546"
"30.07.2016 14:46:20","886359"
"30.07.2016 14:45:20","921338"
"30.07.2016 14:44:20","1238299"
"30.07.2016 14:43:20","1241984"
"30.07.2016 14:42:20","1202470"
"30.07.2016 14:41:20","194675"
"30.07.2016 14:40:20","352223"
"30.07.2016 14:39:20","358972"
"30.07.2016 14:38:20","428539"
"30.07.2016 14:37:20","554613"
"30.07.2016 14:36:20","705207"
"30.07.2016 14:35:20","915716"
"30.07.2016 14:34:20","573161"
"30.07.2016 14:33:20","379567"
"30.07.2016 14:32:20","131782"
"30.07.2016 14:31:20","294635"
"30.07.2016 14:30:20","432474"
"30.07.2016 14:29:20","195949"
"30.07.2016 14:28:20","847998"
"30.07.2016 14:27:20","1057560"
"30.07.2016 14:26:20","1023885"
"30.07.2016 14:25:20","543662"
"30.07.2016 14:24:20","374484"
"30.07.2016 14:23:20","340430"
"30.07.2016 14:22:20","191318"
"30.07.2016 14:21:20","324025"
"30.07.2016 14:20:20","133160"
"30.07.2016 14:19:20","112106"
"30.07.2016 14:18:20","216423"
"30.07.2016 14:17:20","1233007"
"30.07.2016 14:16:20","1526059"
"30.07.2016 14:15:20","2043583"
"30.07.2016 14:14:20","1647660"
"30.07.2016 14:13:20","1346194"
"30.07.2016 14:12:20","1291339"
"30.07.2016 14:11:20","386451"
"30.07.2016 14:10:20","236863"
"30.07.2016 14:09:20","878488"
"30.07.2016 14:08:20","2153725"
"30.07.2016 14:07:20","2239689"
"30.07.2016 14:06:20","2154521"
"30.07.2016 14:05:20","2186388"
"30.07.2016 14:04:20","2294307"
"30.07.2016 14:03:20","2347860"
"30.07.2016 14:02:20","2416284"
"30.07.2016 14:01:20","901767"
"30.07.2016 14:00:20","889630"
"30.07.2016 13:59:20","520261"
"30.07.2016 13:58:20","796655"
"30.07.2016 13:57:20","817622"
"30.07.2016 13:56:20","413010"
"30.07.2016 13:55:20","394988"
"30.07.2016 13:54:20","570008"
"30.07.2016 13:53:20","322513"
"30.07.2016 13:52:20","671327"
"30.07.2016 13:51:20","447705"
"30.07.2016 13:50:20","555254"
"30.07.2016 13:49:20","735577"
"30.07.2016 13:48:20","757290"
"30.07.2016 13:47:20","944580"
"30.07.2016 13:46:20","853455"
"30.07.2016 13:45:20","889521"
"30.07.2016 13:44:20","966763"
"30.07.2016 13:43:20","772400"
"30.07.2016 13:42:20","936877"
"30.07.2016 13:41:20","693609"
"30.07.2016 13:40:20","569948"
"30.07.2016 13:39:20","454002"
"30.07.2016 13:38:20","371220"
"30.07.2016 13:37:20","314762"
"30.07.2016 13:36:20","166862"
"30.07.2016 13:35:20","303262"
"30.07.2016 13:34:20","268320"
"30.07.2016 13:33:20","406975"
"30.07.2016 13:32:20","379215"
"30.07.2016 13:31:20","682401"
"30.07.2016 13:30:20","302502"
"30.07.2016 13:29:20","313527"
"30.07.2016 13:28:20","552165"
"30.07.2016 13:27:20","1065894"
"30.07.2016 13:26:20","476619"
"30.07.2016 13:25:20","211538"
"30.07.2016 13:24:20","354214"
"30.07.2016 13:23:20","141719"
"30.07.2016 13:22:20","204917"
"30.07.2016 13:21:20","349099"
"30.07.2016 13:20:20","319643"
"30.07.2016 13:19:20","390952"
"30.07.2016 13:18:20","613183"
"30.07.2016 13:17:20","754444"
"30.07.2016 13:16:20","648842"
"30.07.2016 13:15:20","619124"
"30.07.2016 13:14:20","753054"
"30.07.2016 13:13:20","594230"
"30.07.2016 13:12:20","630403"
"30.07.2016 13:11:20","718911"
"30.07.2016 13:10:20","446397"
"30.07.2016 13:09:20","448221"
"30.07.2016 13:08:20","452482"
"30.07.2016 13:07:20","302013"
"30.07.2016 13:06:20","329382"
"30.07.2016 13:05:20","340022"
"30.07.2016 13:04:20","311933"
"30.07.2016 13:03:20","267632"
"30.07.2016 13:02:20","253635"
"30.07.2016 13:01:20","323567"
"30.07.2016 13:00:20","378040"
"30.07.2016 12:59:20","993662"
"30.07.2016 12:58:20","1839883"
"30.07.2016 12:57:20","1584828"
"30.07.2016 12:56:20","2013764"
"30.07.2016 12:55:20","2099046"
"30.07.2016 12:54:20","1651175"
